id,Name1_test,Name2_test,QV2M,PRECTOTCORR
OM739053,4.7,14.8033333333333,6.71333333333333,1.62333333333333
OU471040,1.46,4.19,4.51666666666667,0.12
ON129429,6.89333333333333,27.0666666666667,15.1566666666667,0.716666666666667
OL989074,4.64666666666667,26.12,18.1066666666667,0.473333333333333
ON134852,6.84,16.9733333333333,5.57666666666667,0.496666666666667
